station_id,fecha,prec,prcp
8416,2011-02-13,Ip,
8416,2011-03-29,Ip,
8416,2011-04-02,Ip,
8416,2011-04-03,Ip,
8416,2011-07-02,Ip,
8416,2011-07-14,Ip,
8416,2011-07-22,Ip,
8416,2011-07-23,Ip,
8416,2011-08-29,Ip,
8416,2011-11-28,Ip,
8416,2012-01-26,Ip,
8416,2012-02-04,Ip,
8416,2012-02-05,Ip,
8416,2012-02-14,Ip,
8416,2012-12-31,Ip,
8416,2013-05-16,Ip,
8416,2013-10-03,Ip,
8416,2013-10-22,Ip,
8416,2013-10-29,Ip,
8416,2013-12-18,Ip,
8416,2014-01-12,Ip,
8416,2014-01-29,Ip,
8416,2014-02-26,Ip,
8416,2014-03-24,Ip,
8416,2014-03-25,Ip,
8416,2014-05-11,Ip,
8416,2014-05-21,Ip,
8416,2014-06-17,Ip,
8416,2014-06-19,Ip,
8416,2014-09-25,Ip,
8416,2014-12-19,Ip,
8416,2015-02-09,Ip,
8416,2015-03-13,Ip,
8416,2015-03-25,Ip,
8416,2015-04-08,Ip,
8416,2015-04-26,Ip,
8416,2015-06-16,Ip,
8416,2015-07-26,Ip,
8416,2015-09-08,Ip,
8416,2015-10-26,Ip,
8416,2015-11-25,Ip,
8416,2016-02-18,Ip,
8416,2016-02-21,Ip,
8416,2016-03-22,Ip,
8416,2016-06-28,Ip,
8416,2016-06-29,Ip,
8416,2016-07-20,Ip,
8416,2016-07-22,Ip,
8416,2016-10-13,Ip,
8416,2017-01-17,Ip,
8416,2017-02-11,Ip,
8416,2017-02-22,Ip,
8416,2017-04-18,Ip,
8416,2017-05-10,Ip,
8416,2017-05-21,Ip,
8416,2017-11-04,Ip,
8416,2017-11-08,Ip,
8416,2018-02-14,Ip,
8416,2018-02-16,Ip,
8416,2018-03-24,Ip,
8416,2018-03-25,Ip,
8416,2018-04-06,Ip,
8416,2018-04-15,Ip,
8416,2018-05-04,Ip,
8416,2018-05-22,Ip,
8416,2018-07-22,Ip,
8416,2018-08-23,Ip,
8416,2018-08-28,Ip,
8416,2019-01-19,Ip,
8416,2019-04-25,Ip,
8416,2019-05-02,Ip,
8416,2020-01-23,Ip,
8416,2020-03-02,Ip,
8416,2020-04-07,Ip,
8416,2020-04-10,Ip,
8416,2020-04-17,Ip,
8416,2020-04-22,Ip,
8416,2020-05-25,Ip,
8416,2020-06-16,Ip,
8416,2020-06-24,Ip,
8416,2020-07-09,Ip,
8416,2020-08-12,Ip,
8416,2020-09-15,Ip,
8416,2020-09-16,Ip,
8416,2020-09-23,Ip,
8416,2020-10-10,Ip,
8416,2020-10-21,Ip,
8416,2020-12-04,Ip,
8416,2021-01-21,Ip,
8416,2021-02-08,Ip,
8416,2021-02-22,Ip,
8416,2021-03-01,Ip,
8416,2021-03-02,Ip,
8416,2021-03-09,Ip,
8416,2021-05-02,Ip,
8416,2021-05-10,Ip,
8416,2021-05-27,Ip,
8416,2021-06-14,Ip,
8416,2021-07-15,Ip,
8416,2021-08-09,Ip,
8416,2021-08-10,Ip,
8416,2021-08-15,Ip,
8416,2021-09-13,Ip,
8416,2021-09-23,Ip,
8416,2021-10-09,Ip,
8416,2021-10-27,Ip,
8416,2021-11-27,Ip,
8416,2021-12-07,Ip,
8416,2021-12-18,Ip,
8416,2021-12-24,Ip,
8416,2021-12-26,Ip,
8416,2022-02-04,Ip,
8416,2022-02-05,Ip,
8416,2022-02-27,Ip,
8416,2022-03-05,Ip,
8416,2022-03-12,Ip,
8416,2022-03-14,Ip,
8416,2022-03-31,Ip,
8416,2022-04-04,Ip,
8416,2022-07-06,Ip,
8416,2022-07-25,Ip,
8416,2022-09-24,Ip,
8416,2022-09-29,Ip,
8416,2022-10-11,Ip,
8416,2022-10-20,Ip,
8416,2022-10-21,Ip,
8416,2022-10-22,Ip,
8416,2022-11-03,Ip,
8416,2022-11-18,Ip,
8416,2022-11-27,Ip,
8416,2022-12-04,Ip,
8416,2022-12-30,Ip,
8416,2023-01-02,Ip,
8416,2023-01-29,Ip,
8416,2023-02-27,Ip,
8416,2023-04-22,Ip,
8416,2023-04-28,Ip,
8416,2023-04-29,Ip,
8416,2023-05-09,Ip,
8416,2023-05-11,Ip,
8416,2023-05-13,Ip,
8416,2023-05-22,Ip,
8416,2023-06-02,Ip,
8416,2023-07-02,Ip,
8416,2023-07-07,Ip,
8416,2023-07-22,Ip,
8416,2023-10-14,Ip,
8416,2023-10-15,Ip,
8416,2023-10-19,Ip,
8416,2023-10-29,Ip,
8416,2024-01-09,Ip,
8416,2024-01-16,Ip,
8416,2024-02-22,Ip,
8416,2024-03-08,Ip,
8416,2024-04-30,Ip,
8416,2024-05-01,Ip,
8416,2024-05-12,Ip,
8416,2024-05-19,Ip,
8416,2024-06-04,Ip,
8416,2024-06-09,Ip,
8416,2024-06-28,Ip,
8416,2024-08-30,Ip,
8416,2024-09-01,Ip,
8416,2024-09-02,Ip,
8416,2024-09-12,Ip,
8416,2024-10-19,Ip,
8416,2024-10-26,Ip,
8416,2024-11-07,Ip,
8416,2024-11-17,Ip,
8416,2024-12-27,Ip,
8416,2025-01-30,Ip,
8416,2025-02-12,Ip,
8416,2025-03-06,Ip,
8416,2025-03-24,Ip,
8416,2025-03-26,Ip,
8416,2025-04-09,Ip,
8416,2025-04-10,Ip,
8416,2025-04-19,Ip,
8416,2025-04-30,Ip,
8416,2025-05-01,Ip,
8416,2025-05-10,Ip,
8416,2025-05-13,Ip,
8416,2025-05-31,Ip,
8416,2025-06-15,Ip,
8416,2025-07-23,Ip,
8416,2025-07-26,Ip,
8416,2025-08-01,Ip,
8416,2025-08-28,Ip,
8416,2025-09-04,Ip,
8416,2025-09-08,Ip,
8416,2025-11-01,Ip,
8416,2025-12-04,Ip,
8416,2025-12-21,Ip,
8416,2025-12-29,Ip,
7012D,2022-03-15,,
7012D,2022-03-17,,
7012D,2023-05-13,,
7012D,2023-05-14,,
7012D,2024-08-14,,
7012D,2024-09-20,,
7012D,2024-10-12,,
7012D,2024-11-12,,
7012D,2024-11-13,,
3195,2011-03-08,Ip,
3195,2011-08-31,Ip,
3195,2012-01-01,Ip,
3195,2012-01-27,Ip,
3195,2012-04-12,Ip,
3195,2012-07-27,Ip,
3195,2012-08-27,Ip,
3195,2012-11-20,Ip,
3195,2012-12-13,Ip,
3195,2012-12-16,Ip,
3195,2013-01-17,Ip,
3195,2013-04-27,Ip,
3195,2013-07-27,Ip,
3195,2013-09-29,Ip,
3195,2013-12-30,Ip,
3195,2013-12-31,Ip,
3195,2014-01-14,Ip,
3195,2015-01-29,Ip,
3195,2015-01-31,Ip,
3195,2015-03-03,Ip,
3195,2015-05-04,Ip,
3195,2015-07-17,Ip,
3195,2015-09-13,Ip,
3195,2016-03-05,Ip,
3195,2016-03-28,Ip,
3195,2016-04-28,Ip,
3195,2017-01-03,Ip,
3195,2017-06-20,Ip,
3195,2018-03-20,Ip,
3195,2018-04-22,Ip,
3195,2018-05-05,Ip,
3195,2018-05-17,Ip,
3195,2018-06-11,Ip,
3195,2019-01-29,Ip,
3195,2020-02-08,Ip,
3195,2022-03-10,,
3195,2022-03-11,,
3195,2022-03-12,,
3195,2022-03-13,,
3195,2023-08-31,,
3195,2023-09-01,,
3195,2023-09-02,,
3195,2023-09-03,,
3195,2023-09-04,,
3195,2023-09-05,,
3195,2023-09-06,,
3195,2023-09-07,,
3195,2023-09-08,,
3195,2023-09-09,,
3195,2023-09-10,,
3195,2023-09-11,,
3195,2023-09-12,,
3195,2023-09-13,,
3195,2023-09-14,,
3195,2023-09-15,,
3195,2023-09-16,,
3195,2023-09-17,,
3195,2023-09-18,,
3195,2023-09-19,,
3195,2023-09-20,,
3195,2023-09-21,,
3195,2023-09-22,,
3195,2023-09-23,,
3195,2023-09-24,,
3195,2023-09-25,,
3195,2023-09-26,,
3195,2023-09-27,,
3195,2023-09-28,,
3195,2023-09-29,,
3195,2023-09-30,,
3195,2023-10-01,,
3195,2023-10-02,,
3195,2023-10-03,,
3195,2023-10-04,,
3195,2023-10-05,,
3195,2023-10-06,,
3195,2023-10-07,,
3195,2023-10-08,,
3195,2023-10-09,,
3195,2023-10-10,,
3195,2023-10-11,,
3195,2023-10-12,,
3195,2023-10-13,,
3195,2023-10-14,,
3195,2023-10-15,,
3195,2023-10-16,,
3195,2023-10-17,,
3195,2023-10-18,,
3195,2023-10-19,,
3195,2023-10-20,,
3195,2023-10-21,,
3195,2023-10-22,,
3195,2023-10-23,,
3195,2023-10-24,,
3195,2023-10-25,,
3195,2023-10-26,,
3195,2023-10-27,,
3195,2023-10-28,,
3195,2023-10-29,,
3195,2023-10-30,,
3195,2023-10-31,,
3195,2023-11-01,,
3195,2023-11-02,,
3195,2023-11-03,,
3195,2023-11-04,,
3195,2023-11-05,,
3195,2023-11-06,,
3195,2023-11-07,,
3195,2023-11-08,,
3195,2023-11-09,,
3195,2023-11-10,,
3195,2023-11-11,,
3195,2023-11-12,,
3195,2023-11-13,,
3195,2023-11-14,,
3195,2023-11-15,,
3195,2023-11-16,,
3195,2023-11-17,,
3195,2023-11-18,,
3195,2023-11-19,,
3195,2023-11-20,,
3195,2023-11-21,,
3195,2023-11-22,,
3195,2023-11-29,,
3195,2023-11-30,,
